RowNumber,Subscriber_id,Subscriber_name,Gender,Genre,Streamedtime,Age,NumOfVideos,Like_Dislike,IsActiveMember,Unsubscribed
1,1023,Hargrave,female,Education,653,22,6,0,1,1
2,1024,Hill,female,Entertainment,1077,19,10,1,1,1
3,1025,Onio,female,Education,184,22,6,0,0,0
4,1026,Boni,male,Series,471,34,9,1,1,0
5,1027,Mitchell,male,Sports,765,28,5,0,1,1
6,1028,Chu,male,Sports,1037,49,8,1,0,0
7,1029,Bartlett,male,Entertainment,413,33,9,0,0,0
8,1030,Obinna,female,Entertainment,641,37,9,1,0,1
9,1031,Heer,male,Education,802,26,6,1,0,1
10,1032,Hellen,male,Series,361,35,7,1,1,0
11,1033,Bearce,male,Education,942,22,10,1,0,1
12,1034,Andrews,male,Sports,1032,29,9,0,0,0
13,1035,Kay,female,Education,367,50,6,1,1,1
14,1036,Chin,female,Education,445,41,2,0,0,1
15,1037,Gowri,female,Series,318,38,1,0,0,1
16,1038,Abi,female,Education,1057,25,3,0,1,1
17,1039,Nimal,male,Entertainment,749,25,2,1,1,0
18,1040,Prakash,male,Sports,1066,29,10,1,0,1
19,1041,Ram,male,Education,1026,49,5,1,1,1
20,1042,Priya,female,Series,780,32,1,0,1,0
21,1043,Ajay,male,Education,708,26,4,0,1,1
22,1044,Sunil,male,Entertainment,605,32,5,0,1,1
23,1045,Aditya,male,Series,129,38,1,1,0,0
24,1046,Ishwarya,female,Education,895,25,3,0,0,0
25,1047,Nandhini,female,Sports,778,26,4,1,1,1
26,1048,Priyanka,female,Entertainment,938,50,10,0,1,0
27,1049,Singh,male,Series,769,39,5,1,1,
28,1050,Divya,female,Series,934,27,6,1,0,
29,1051,Abhay,male,Education,380,31,9,0,0,
30,1052,Mady,male,Series,604,29,8,0,0,
31,1053,Ande,female,Series,474,22,9,1,1,
32,1054,Ram,male,Education,101,49,6,0,0,
33,1055,Emily,female,Series,102,38,5,1,1,
34,1056,Anderson,male,Education,132,42,7,0,0,
35,1057,Parker,male,Series,803,31,1,1,0,
36,1058,Sophia,female,Education,578,49,2,0,1,
37,1059,Williams,male,Series,296,24,10,0,0,
38,1060,Noah,female,Education,678,40,8,1,1,
39,1061,Olivia,female,Series,74,24,9,1,1,1
40,1062,Aishwarya,female,Education,275,30,1,0,1,1
41,1063,Devis,male,Series,173,44,10,0,1,1
42,1064,Ishwarya,female,Education,1144,47,7,0,1,0
43,1065,Jackson,male,Series,903,36,1,0,0,0
44,1066,Wilson,male,Education,316,47,8,1,1,0
45,1067,Keerthi,female,Education,1068,50,5,0,1,0
46,1068,Laura,female,Series,107,31,5,0,1,0
47,1069,Craig,male,Sports,394,38,5,0,0,1
48,1070,Mary,female,Sports,914,49,10,1,0,1
49,1071,Jamie,female,Entertainment,347,32,3,1,0,1
50,1072,Jimmy,male,Entertainment,221,48,6,1,0,0
51,1073,namjoon,male,Series,219,35,8,1,1,0
52,1074,taehyung,male,Sports,1000,39,9,0,1,1
53,1075,seokjin,male,Education,451,23,9,0,1,0
54,1076,yoongi,male,Education,880,38,3,0,0,0
55,1077,hoseok,male,Sports,160,31,6,1,1,0
56,1078,jungkook,male,Series,490,46,9,0,1,0
57,1079,jimin,male,Education,458,20,2,1,0,1
58,1080,Aaden,male,Entertainment,1198,22,3,1,1,0
59,1081,Aaliyah,female,Sports,591,19,4,0,0,0
60,1082,Aarav,male,Entertainment,765,22,8,0,1,1
61,1083,Aaron,male,Series,30,42,7,1,1,
62,1084,Ab,male,Sports,1042,35,7,1,1,
63,1085,Abagail,female,Series,1018,33,10,0,0,
64,1086,Abb,male,Education,360,31,6,1,0,
65,1087,Abbey,female,Sports,979,37,10,0,0,
66,1088,Abbie,male,Entertainment,1090,37,7,1,1,
67,1089,Abbigail,female,Series,1191,39,4,0,1,
68,1090,Abbott,male,Series,156,42,3,0,0,
69,1091,Abby,female,Education,509,36,7,1,1,
70,1092,Abdiel,male,Series,252,49,9,1,1,
71,1093,Abdul,male,Series,36,27,10,0,0,
72,1094,Abdullah,male,Education,1055,39,9,0,0,
73,1095,Abe,male,Series,1050,26,4,0,0,
74,1096,Abel,male,Education,649,20,7,1,0,
75,1097,Abelardo,male,Series,797,38,4,0,1,
76,1098,Abie,male,Education,622,48,2,0,1,
77,1099,Abigail,female,Series,374,31,8,1,1,
78,1100,Abigale,female,Education,1097,28,2,0,1,
79,1101,Abigayle,female,Education,131,49,2,1,1,
80,1102,Abner,male,Entertainment,38,44,2,1,1,
81,1103,Abraham,male,Education,274,34,6,0,0,
82,1104,Abram,male,Series,619,48,1,0,0,
83,1105,Abril,female,Sports,900,27,1,0,0,
84,1106,Ace,male,Sports,1014,21,5,0,0,
85,1107,Acey,male,Entertainment,1089,36,3,1,1,
86,1108,Achsah,female,Entertainment,478,33,10,0,1,
87,1109,Acie,male,Education,636,32,1,0,0,
88,1110,Acy,male,Series,1128,30,1,0,1,
89,1111,Ada,male,Education,1110,30,1,0,0,
90,1112,Adah,female,Sports,198,35,4,1,0,
91,1113,Adalberto,male,Education,832,44,5,0,1,1
92,1114,Adaline,female,Education,446,33,3,1,1,1
93,1115,Adalyn,female,Series,483,22,10,1,0,0
94,1116,Adalynn,female,Education,1146,46,9,0,1,1
95,1117,Adam,male,Entertainment,883,37,8,0,1,0
96,1118,Adamaris,female,Sports,1153,48,8,0,0,1
97,1119,Adams,male,Education,1045,31,8,0,1,1
98,1120,Alana,female,Series,113,19,4,1,1,1
99,1121,Alani,female,Sports,826,24,1,0,0,1
100,1122,Alanna,female,Education,463,24,4,1,0,0
101,1123,Alannah,female,Series,630,23,5,0,1,1
102,1124,Alanzo,male,Education,1186,33,2,1,1,1
103,1125,Alayna,female,Entertainment,587,38,3,0,1,0
104,1126,Alba,male,Series,1075,42,7,0,0,1
105,1127,Albert,male,Education,231,21,4,1,0,1
106,1128,Alberta,female,Sports,388,36,2,0,1,0
107,1129,Albertha,female,Entertainment,946,47,2,0,0,0
108,1130,Albertina,female,Series,492,28,2,1,1,1
109,1131,Albertine,female,Series,488,47,2,1,0,1
110,1132,Alberto,male,Education,220,23,1,1,1,0
111,1133,Albertus,male,Series,357,38,8,1,0,0
112,1134,Albin,male,Series,499,31,2,0,1,0
113,1135,Albina,female,Education,613,43,1,0,0,0
114,1136,Albion,male,Series,782,40,4,1,0,1
115,1137,Alby,male,Education,316,32,4,1,0,1
116,1138,Alcee,male,Series,449,33,10,0,1,0
117,1139,Alcide,male,Education,377,36,7,1,0,0
118,1140,Alcie,female,Series,274,27,8,0,1,1
119,1141,Alda,female,Education,201,50,7,1,0,0
120,1142,Alden,male,Series,554,33,9,0,0,0
121,1143,Aldo,male,Education,306,48,6,1,0,1
122,1144,Aldona,female,Series,1005,40,6,1,1,1
123,1145,Aleah,female,Education,953,41,9,0,1,1
124,1146,Alease,female,Series,753,30,7,0,1,1
125,1147,Alec,male,Education,140,35,1,1,1,1
126,1148,Alecia,female,Education,561,44,2,0,1,1
127,1149,Aleck,male,Series,161,44,4,0,0,1
128,1150,Aleen,female,Sports,61,41,6,1,0,0
129,1151,Aleena,female,Sports,586,47,2,0,0,1
130,1152,Alejandra,female,Entertainment,234,38,9,1,0,1
131,1153,Alejandro,male,Entertainment,83,46,3,1,0,0
132,1154,Alek,male,Series,493,37,8,1,1,0
133,1155,Alena,female,Sports,532,37,4,1,0,1
134,1156,Alene,female,Education,532,29,9,1,0,1
135,1157,Alesha,female,Education,386,37,4,0,1,1
136,1158,Alesia,female,Sports,39,28,1,0,0,0
137,1159,Alessandra,female,Series,299,22,1,0,0,1
138,1160,Alf,male,Education,481,35,2,0,1,0
139,1161,Alferd,male,Entertainment,611,42,6,1,0,1
140,1162,Alfie,male,Sports,917,50,10,0,0,1
141,1163,Alfonse,male,Entertainment,462,32,10,0,1,0
142,1164,Alfonso,male,Series,404,22,1,0,1,1
143,1165,Alfonzo,male,Sports,411,35,9,0,1,1
144,1166,Alford,male,Series,830,20,7,1,0,0
145,1167,Alfred,male,Education,1196,24,6,0,0,1
146,1168,Alfreda,female,Sports,212,46,2,1,1,1
147,1169,Alfredo,male,Entertainment,569,36,7,1,0,0
148,1170,Alger,male,Series,1116,39,3,1,1,0
149,1171,Algernon,male,Series,1054,22,10,0,1,0
150,1172,Algie,male,Education,574,49,3,1,1,1
151,1173,Algot,male,Series,178,46,2,0,1,1
152,1174,Ali,male,Series,961,41,9,0,1,0
153,1175,Alia,female,Education,784,32,8,1,0,1
154,1176,Aliana,female,Series,80,31,9,1,1,0
155,1177,Alice,male,Education,1103,39,2,1,0,0
156,1178,Alicia,female,Series,1041,35,9,1,1,0
157,1179,Alida,female,Education,496,19,3,1,1,1
158,1180,Alton,male,Education,879,29,8,0,1,0
159,1181,Alva,male,Series,404,24,6,0,1,1
160,1182,Alvah,male,Sports,52,50,4,1,1,0
161,1183,Alvan,male,Sports,185,42,10,0,0,0
162,1184,Alvaro,male,Entertainment,1020,43,9,1,1,0
163,1185,Alvena,female,Entertainment,608,39,7,0,0,1
164,1186,Alver,male,Series,311,31,6,1,0,1
165,1187,Alvera,female,Sports,952,25,6,1,0,0
166,1188,Alverda,female,Education,963,47,5,0,0,1
167,1189,Alverta,female,Education,901,29,6,0,1,1
168,1190,Alvia,male,Sports,988,27,2,0,0,1
169,1191,Alvie,male,Series,766,43,6,1,1,1
170,1192,Alvin,male,Education,460,41,4,0,0,1
171,1193,Alvina,female,Entertainment,763,36,3,0,0,1
172,1194,Alvira,female,Sports,335,23,5,1,1,1
173,1195,Alvis,male,Entertainment,376,38,6,1,1,1
174,1196,Alvy,male,Series,1174,35,2,0,1,0
175,1197,Alwilda,female,Sports,632,45,9,1,0,0
176,1198,Alwin,male,Series,377,26,8,1,1,1
177,1199,Alwina,female,Education,594,22,9,1,0,0
178,1200,Anabelle,female,Sports,999,40,4,1,0,1
179,1201,Anahi,female,Entertainment,35,43,6,1,0,1
180,1202,Anais,female,Series,492,47,9,0,0,0
181,1203,Ananias,male,Series,331,19,1,1,1,0
182,1204,Anastacia,female,Education,670,46,5,1,0,1
183,1205,Anastacio,male,Series,169,30,7,1,0,1
184,1206,Anastasia,female,Series,624,30,3,1,1,1
185,1207,Anatole,male,Education,410,34,3,0,1,1
186,1208,Anaya,female,Series,1045,27,2,0,1,0
187,1209,Ancel,male,Education,49,44,5,0,1,1
188,1210,Ancil,male,Series,212,39,2,1,0,0
189,1211,Anders,male,Education,431,39,4,1,0,0
190,1212,Anderson,male,Series,430,38,6,0,0,1
191,1213,Andon,male,Education,318,26,4,0,1,1
192,1214,Andra,male,Education,922,35,4,0,1,1
193,1215,Andrae,male,Entertainment,69,49,7,1,1,0
194,1216,Andre,male,Education,406,22,4,1,1,1
195,1217,Andrea,male,Series,471,21,9,0,0,1
196,1218,Andreas,male,Sports,788,23,6,1,1,1
197,1219,Andres,male,Sports,60,21,5,1,1,0
198,1220,Anice,female,Entertainment,196,38,2,0,1,1
199,1221,Anie,female,Entertainment,883,34,1,0,1,1
200,1222,Anika,female,Education,1177,22,5,1,1,0
201,1223,Anissa,female,Series,421,40,2,1,0,1
202,1224,Anita,female,Education,1122,38,4,1,0,0
203,1225,Anitra,female,Sports,985,30,7,0,1,1
204,1226,Aniya,female,Education,199,33,8,0,1,1
205,1227,Aniyah,female,Education,978,47,3,1,0,1
206,1228,Anjali,female,Series,756,19,9,1,0,1
207,1229,Anjanette,female,Education,557,32,8,1,0,0
208,1230,Anjelica,female,Entertainment,1039,47,2,0,1,1
209,1231,Ann,male,Sports,786,45,4,1,1,1
210,1232,Anna,male,Education,980,19,9,1,1,0
211,1233,Annabel,female,Series,721,40,5,0,1,1
212,1234,Annabell,female,Sports,571,46,5,0,1,1
213,1235,Annabella,female,Education,125,23,9,0,1,0
214,1236,Annabelle,female,Series,694,32,6,0,0,0
215,1237,Annalise,female,Education,354,32,4,1,0,1
216,1238,Annamae,female,Entertainment,433,35,10,0,0,1
217,1239,Annamarie,female,Series,214,26,8,0,0,0
218,1240,Antonette,female,Education,224,35,7,0,1,0
219,1241,Antonia,male,Sports,428,36,4,0,1,1
220,1242,Antonina,female,Entertainment,892,27,9,1,1,1
221,1243,Antonio,male,Series,1107,29,4,0,1,1
222,1244,Antony,male,Series,610,43,5,0,0,1
223,1245,Antwain,male,Education,783,49,6,0,1,0
224,1246,Antwan,male,Series,303,25,8,1,1,0
225,1247,Antwon,male,Series,79,45,7,1,0,0
226,1248,Anwar,male,Education,650,41,3,0,1,1
227,1249,Anya,female,Series,66,44,5,0,0,1
228,1250,April,female,Education,1112,42,5,1,1,1
229,1251,Ara,female,Series,957,19,7,1,1,0
230,1252,Arabella,female,Education,129,44,8,0,0,1
231,1253,Araceli,female,Series,865,24,9,0,1,0
232,1254,Aracely,female,Education,278,32,1,1,1,1
233,1255,Arah,female,Series,221,40,8,0,0,1
234,1256,Araminta,female,Education,747,26,8,1,0,0
235,1257,Arba,male,Series,1102,25,9,0,0,1
236,1258,Arbie,male,Education,532,38,2,0,1,1
237,1259,Arch,male,Series,996,22,1,1,0,1
238,1260,Archer,male,Education,729,38,2,1,0,0
239,1261,Archibald,male,Education,392,22,3,1,1,1
240,1262,Archie,male,Series,39,41,6,0,0,1
241,1263,Ardath,female,Sports,580,50,10,0,1,0
242,1264,Ardelia,female,Sports,971,20,5,1,1,1
243,1265,Ardell,male,Entertainment,612,46,6,0,0,0
244,1266,Ardella,female,Entertainment,127,47,8,1,1,1
245,1267,Ardelle,female,Series,753,26,7,1,1,1
246,1268,Arden,male,Sports,857,48,2,0,1,1
247,1269,Ardeth,female,Education,629,26,2,1,0,1
248,1270,Ardis,female,Education,565,27,1,1,1,0
249,1271,Ardith,female,Sports,779,48,7,1,1,1
250,1272,Ardyce,female,Series,528,38,3,1,1,1
251,1273,Areli,female,Education,687,28,5,0,1,0
252,1274,Arely,female,Entertainment,1071,35,8,1,1,1
253,1275,Aretha,female,Sports,219,31,3,1,1,1
254,1276,Argie,female,Entertainment,263,22,2,1,0,0
255,1277,Ari,male,Series,78,26,2,0,0,0
256,1278,Aria,female,Sports,66,21,1,0,1,1
257,1279,Ariana,female,Series,284,35,1,0,1,1
258,1280,Ariane,female,Education,1083,19,4,0,0,1
259,1281,Arianna,female,Sports,76,36,7,1,1,0
260,1282,Aric,male,Entertainment,961,20,8,1,0,1
261,1283,Arie,female,Series,798,39,10,1,0,1
262,1284,Ariel,male,Series,394,23,2,1,1,0
263,1285,Ariella,female,Education,284,31,6,1,0,0
264,1286,Arielle,female,Series,226,22,4,1,0,1
265,1287,Arietta,female,Series,541,19,6,0,1,0
266,1288,Arizona,female,Education,924,35,4,0,0,1
267,1289,Arjun,male,Series,339,20,7,0,0,1
268,1290,Arkie,female,Education,459,32,10,1,0,0
269,1291,Arla,female,Series,996,50,2,1,0,0
270,1292,Arlan,male,Education,195,46,7,0,0,0
271,1293,Arland,male,Education,306,38,6,1,0,0
272,1294,Arleen,female,Series,610,37,1,1,0,0
273,1295,Arlen,male,Sports,1024,28,1,1,0,0
274,1296,Arlena,female,Sports,599,28,5,1,0,1
275,1297,Arlene,female,Entertainment,603,23,4,1,1,0
276,1298,Arleth,female,Entertainment,656,37,8,1,0,0
277,1299,Arletta,female,Series,599,41,3,0,1,0
278,1300,Arley,male,Sports,622,37,8,1,1,0
279,1301,Arlie,male,Education,1196,35,9,1,1,0
280,1302,Arlin,male,Education,1077,34,4,0,0,0
281,1303,Arline,female,Sports,465,30,5,1,1,0
282,1304,Arlington,male,Series,1063,39,10,0,0,0
283,1305,Arlis,male,Education,159,21,1,1,0,0
284,1306,Arlo,male,Entertainment,613,25,4,1,0,0
285,1307,Arly,female,Sports,393,32,4,1,1,0
286,1308,Arlyn,male,Entertainment,555,21,8,0,1,1
287,1309,Arlyne,female,Series,793,21,9,0,0,0
288,1310,Arman,male,Sports,134,21,10,0,0,1
289,1311,Armand,male,Series,344,37,7,0,1,1
290,1312,Armando,male,Education,509,26,5,1,0,0
291,1313,Armani,male,Sports,1093,41,8,1,1,1
292,1314,Armida,female,Entertainment,336,45,9,1,0,0
293,1315,Armin,male,Series,298,42,10,1,1,1
294,1316,Arminda,female,Series,944,27,4,1,1,1
295,1317,Arminta,female,Education,556,47,9,0,1,1
296,1318,Armond,male,Series,538,40,10,0,0,1
297,1319,Armstead,male,Series,857,33,3,1,1,0
298,1320,Arnav,male,Education,1164,23,4,1,0,1
299,1321,Arne,male,Series,1037,44,5,1,0,1
300,1322,Arnett,male,Education,468,47,6,0,1,0
301,1323,Arnetta,female,Series,81,49,10,0,0,1
302,1324,Arnie,male,Education,988,31,2,0,0,1
303,1325,Arno,male,Series,983,27,9,1,0,1
304,1326,Arnold,male,Education,958,19,10,1,0,1
305,1327,Arnoldo,male,Education,1036,42,4,0,1,0
306,1328,Arnulfo,male,Entertainment,395,41,8,0,1,1
307,1329,Aron,male,Education,746,22,9,1,0,1
308,1330,Arra,female,Series,609,20,6,0,1,0
309,1331,Arrie,female,Sports,1008,44,6,0,1,0
310,1332,Arron,male,Sports,468,31,6,0,1,1
311,1333,Arsenio,male,Entertainment,1106,43,4,1,0,1
312,1334,Art,male,Entertainment,189,41,6,1,1,1
313,1335,Arta,female,Education,622,32,9,1,1,1
314,1336,Sabastian,male,Series,144,23,6,0,1,0
315,1337,Sabina,female,Education,1115,50,7,0,1,1
316,1338,Sable,female,Sports,855,32,8,0,1,0
317,1339,Sabra,male,Education,905,32,4,1,1,0
318,1340,Sabrina,male,Education,948,33,5,1,0,0
319,1341,Sada,female,Series,937,27,5,1,0,0
320,1342,Sade,female,Education,1163,25,4,1,1,0
321,1343,Sadie,male,Entertainment,246,46,4,1,0,1
322,1344,Sadye,female,Sports,394,20,4,0,0,0
323,1345,Sage,male,Education,416,49,8,0,0,0
324,1346,Saige,female,Series,794,30,1,1,0,0
325,1347,Saint,male,Sports,1041,24,9,0,1,1
326,1348,Sal,male,Education,884,42,9,1,0,1
327,1349,Salena,female,Series,1112,46,6,1,1,1
328,1350,Salina,female,Education,208,28,5,0,0,1
329,1351,Sallie,male,Entertainment,80,38,7,0,1,0
330,1352,Sally,female,Series,368,50,8,0,0,1
331,1353,Salma,female,Education,977,33,8,0,1,1
332,1354,Salome,female,Sports,807,40,4,1,1,0
333,1355,Salomon,male,Entertainment,364,48,10,1,1,1
334,1356,Scott,male,Series,238,25,8,1,0,1
335,1357,Scottie,male,Series,569,43,7,0,0,1
336,1358,Scotty,male,Education,994,22,8,0,0,0
337,1359,Seaborn,male,Series,478,32,4,0,1,1
338,1360,Seamus,male,Series,804,24,9,0,0,0
339,1361,Sean,male,Education,1023,36,4,1,1,1
340,1362,Sebastian,male,Series,563,43,4,1,1,1
341,1363,Sebrina,female,Education,1017,29,7,1,1,1
342,1364,Sedrick,male,Series,214,34,3,0,1,1
343,1365,Selah,female,Education,453,38,9,1,0,0
344,1366,Seldon,male,Series,911,49,2,1,0,1
345,1367,Selena,female,Education,82,27,7,0,0,1
346,1368,Selene,female,Series,859,38,8,0,0,0
347,1369,Selina,female,Education,393,42,7,0,1,1
348,1370,Selma,female,Series,607,19,10,0,0,1
349,1371,Selmer,male,Education,944,48,4,1,1,0
350,1372,Semaj,male,Series,568,32,9,1,1,0
351,1373,Sena,female,Education,330,47,1,0,0,0
352,1374,Seneca,male,Education,480,44,1,1,1,0
353,1375,Senora,female,Series,347,26,8,1,1,0
354,1376,Shan,male,Sports,1084,28,6,1,0,1
355,1377,Shana,female,Sports,358,28,2,1,0,1
356,1378,Shanae,female,Entertainment,1080,22,9,1,0,1
357,1379,Shanda,female,Entertainment,435,46,4,1,0,1
358,1380,Shandra,female,Series,167,35,9,1,1,1
359,1381,Shane,male,Sports,387,49,4,1,1,0
360,1382,Shaneka,female,Education,837,35,9,1,0,0
361,1383,Shanell,female,Education,665,40,3,0,0,0
362,1384,Shanelle,female,Sports,1069,20,3,0,1,1
363,1385,Shanequa,female,Series,106,21,6,0,1,1
364,1386,Shani,female,Education,765,19,6,0,0,1
365,1387,Shania,female,Entertainment,918,37,9,0,0,0
366,1388,Shanice,female,Sports,1109,27,7,0,1,0
367,1389,Shaniece,female,Entertainment,708,29,2,1,0,0
368,1390,Shanika,female,Series,494,31,5,0,1,1
369,1391,Shaniqua,female,Sports,635,37,9,1,0,1
370,1392,Shanita,female,Series,761,42,8,0,1,0
371,1393,Shaniya,female,Education,784,40,1,1,0,1
372,1394,Shanna,female,Sports,483,33,9,0,1,0
373,1395,Shannan,female,Entertainment,1141,42,4,1,0,1
374,1396,Pheobe,female,Series,1023,41,4,1,1,0
375,1397,Phil,male,Series,237,27,5,1,0,0
376,1398,Philip,male,Education,809,22,4,0,0,1
377,1399,Phillip,male,Series,1193,29,3,0,1,0
378,1400,Phillis,female,Series,625,31,7,0,0,0
379,1401,Philo,male,Education,565,48,8,1,0,0
380,1402,Philomena,female,Series,47,24,8,1,0,0
381,1403,Philomene,female,Education,730,25,5,0,1,1
382,1404,Phoebe,female,Series,76,26,9,0,1,0
383,1405,Phoenix,male,Education,43,24,10,0,1,0
384,1406,Phylicia,female,Series,538,50,8,1,1,1
385,1407,Phylis,female,Series,285,34,3,1,0,1
386,1408,Phyliss,female,Education,427,22,8,1,1,1
387,1409,Phyllis,female,Education,750,43,9,1,1,0
388,1410,Pierce,male,Sports,520,43,10,0,1,0
389,1411,Pierre,male,Sports,425,32,3,1,0,1
390,1412,Pink,male,Education,1044,39,9,1,1,1
391,1413,Pinkey,female,Entertainment,80,30,8,0,1,1
392,1414,Pinkie,female,Education,438,37,4,1,0,1
393,1415,Pinkney,male,Entertainment,322,42,6,0,1,1
394,1416,Peggy,female,Sports,899,20,7,1,1,1
395,1417,Penelope,female,Series,610,34,4,1,0,0
396,1418,Penni,female,Entertainment,981,49,7,1,1,1
397,1419,Pennie,female,Education,639,44,4,0,0,0
398,1420,Penny,female,Series,504,43,10,0,0,0
399,1421,Pepper,female,Series,518,40,1,0,0,1
400,1422,Percival,male,Education,462,37,4,0,1,0
401,1423,Percy,male,Education,1074,28,6,0,1,1
402,1424,Perla,female,Sports,1125,29,9,0,1,0
403,1425,Perley,male,Sports,1030,27,7,0,0,1
404,1426,Permelia,female,Series,587,31,9,0,0,0
405,1427,Pernell,male,Series,765,26,9,0,0,0
406,1428,Perri,female,Entertainment,687,43,9,1,0,0
407,1429,Perry,male,Entertainment,327,45,10,0,0,0
408,1430,Pershing,male,Education,634,26,7,0,0,0
409,1431,Pete,male,Education,985,20,4,0,0,0
410,1432,Peter,male,Series,250,38,7,1,0,1
411,1433,Petra,female,Series,219,24,4,1,0,0
412,1434,Peyton,male,Entertainment,654,44,3,0,1,0
413,1435,Phebe,female,Entertainment,104,39,10,0,0,0
414,1436,Harsh,male,Entertainment,427,34,3,0,0,1
415,1437,Hadassah,female,Series,1129,20,4,0,0,1
416,1438,Haden,male,Sports,873,30,2,0,1,0
417,1439,Hadley,male,Education,923,35,7,0,0,0
418,1440,Haiden,male,Education,757,25,10,1,1,0
419,1441,Hailee,female,Sports,653,35,7,1,0,1
420,1442,Hailey,female,Series,241,48,7,0,1,0
421,1443,Hailie,female,Education,1079,24,9,0,0,1
422,1444,Hakeem,male,Entertainment,844,26,7,1,0,0
423,1445,Hakim,male,Sports,1114,36,7,0,1,0
424,1446,Hal,male,Entertainment,469,39,4,0,0,0
425,1447,Halbert,male,Series,808,39,5,0,1,0
426,1448,Hale,male,Sports,829,50,9,1,0,1
427,1449,Haleigh,female,Series,1128,44,8,1,1,1
428,1450,Haley,female,Education,575,27,10,1,0,1
429,1451,Hali,female,Sports,61,42,4,1,1,1
430,1452,Halie,female,Entertainment,106,49,6,0,1,1
431,1453,Hall,male,Series,360,33,7,0,1,0
432,1454,Halle,female,Series,318,23,6,0,1,0
433,1455,Halley,male,Education,615,40,2,1,0,1
434,1456,Hallie,male,Series,636,20,5,0,1,1
435,1457,Harl,male,Series,1121,26,9,0,1,0
436,1458,Harlan,male,Education,819,46,2,1,1,1
437,1459,Harland,male,Series,523,30,2,1,0,1
438,1460,Harlen,male,Education,270,22,1,0,1,0
439,1461,Harlene,female,Series,806,45,9,0,0,0
440,1462,Harley,male,Education,224,40,9,1,1,0
441,1463,Harlie,male,Series,587,27,7,0,0,0
442,1464,Harlon,male,Series,69,46,8,0,1,1
443,1465,Harlow,male,Education,515,38,3,1,0,1
444,1466,Harm,male,Education,86,41,2,1,1,1
445,1467,Harman,male,Sports,918,23,2,0,1,0
446,1468,Harmon,male,Sports,1147,37,8,1,1,0
447,1469,Harmony,female,Education,1010,40,5,1,0,0
448,1470,Harold,male,Entertainment,511,47,7,0,1,1
449,1471,Harper,male,Education,205,34,10,0,1,0
450,1472,Harrell,male,Entertainment,1103,38,9,0,0,0
451,1473,Harrie,male,Sports,1022,38,10,1,1,0
452,1474,Harriet,female,Series,1176,40,3,1,0,0
453,1475,Harriett,female,Entertainment,1043,24,10,1,1,0
454,1476,Harriette,female,Education,826,41,7,0,1,0
455,1477,Herbert,male,Series,984,34,7,0,0,1
456,1478,Heriberto,male,Series,233,37,8,0,0,1
457,1479,Herlinda,female,Education,704,37,4,0,1,1
458,1480,Herma,female,Education,1195,50,3,0,1,0
459,1481,Herman,male,Sports,139,34,6,0,0,1
460,1482,Hermann,male,Sports,507,38,3,0,0,0
461,1483,Hermina,female,Series,1068,33,1,0,1,0
462,1484,Hermine,female,Series,391,43,5,1,1,0
463,1485,Herminia,female,Entertainment,397,48,8,0,0,0
464,1486,Hermon,male,Series,717,25,2,0,0,1
465,1487,Hernan,male,Sports,458,30,4,1,1,0
466,1488,Herschel,male,Education,344,21,6,0,0,0
467,1489,Hershel,male,Education,1021,39,5,0,1,1
468,1490,Hershell,male,Sports,532,38,7,1,0,0
469,1491,Hertha,female,Series,789,27,4,1,1,0
470,1492,Hervey,male,Education,855,22,5,0,1,1
471,1493,Hessie,female,Entertainment,688,36,4,1,0,0
472,1494,Hester,male,Sports,360,25,5,0,1,0
473,1495,Hettie,female,Entertainment,85,48,1,0,0,1
474,1496,Hilmer,male,Series,676,35,2,1,0,1
475,1497,Hilton,male,Sports,1179,22,8,1,0,0
476,1498,Hiram,male,Series,557,44,6,0,0,1
477,1499,Hiroshi,male,Education,271,39,5,1,1,1
478,1500,Hjalmar,male,Sports,1096,35,10,1,1,1
479,1501,Hjalmer,male,Entertainment,488,25,8,1,1,1
480,1502,Hobart,male,Series,1089,46,2,0,1,1
481,1503,Hobert,male,Series,67,20,9,1,0,0
482,1504,Hobson,male,Education,35,38,7,1,1,1
483,1505,Hoke,male,Series,353,24,9,1,0,1
484,1506,Holden,male,Series,970,29,3,0,0,1
485,1507,Holland,male,Education,1016,24,4,0,0,1
486,1508,Holli,female,Series,125,42,2,0,0,1
487,1509,Hollie,male,Education,376,33,1,1,0,1
488,1510,Hollis,male,Series,900,20,1,1,0,0
489,1511,Holly,male,Education,381,44,5,1,1,0
490,1512,Holmes,male,Series,81,32,2,0,1,1
491,1513,Homer,male,Series,795,44,6,0,1,0
492,1514,Honora,female,Education,651,46,10,1,0,0
493,1515,Hoover,male,Education,221,26,4,1,1,0
494,1516,Hugo,male,Sports,82,25,10,1,0,0
495,1517,Hulda,female,Sports,950,40,2,1,0,1
496,1518,Huldah,female,Education,530,36,8,1,0,0
497,1519,Humberto,male,Entertainment,401,33,6,1,1,1
498,1520,Humphrey,male,Education,871,38,1,0,1,0
499,1521,Hamith,male,Entertainment,209,24,6,1,0,1
500,1522,Hemanth,male,Sports,227,32,7,1,1,0
